,negative,anticipation,anger,surprise,positive,fear,sadness,disgust,trust,joy
0,1.0,,,,,,,,,
1,,1.0,,,,,,,,
2,,,,,,,,,,
3,,,,,,,,,,
4,,,,,,,,,,
5,,,,,,,,,,
6,,,,,,,,,,
7,,1.0,,,,,,,,
8,1.0,,,,,,,,,
9,1.0,,1.0,,,,,,,
10,,,,1.0,,,,,,
11,,,,,1.0,,,,,
12,,,,,1.0,,,,,
13,1.0,,1.0,,,1.0,1.0,,,
14,,,,,,,,,,
15,,,,,,,,,,
16,2.0,,1.0,1.0,,2.0,2.0,,,
17,2.0,1.0,1.0,1.0,,1.0,1.0,1.0,,
18,,,,,,,,,,
19,2.0,,1.0,1.0,,2.0,2.0,,,
20,1.0,,,,,1.0,1.0,,,
21,1.0,,,,,1.0,1.0,,,
22,,,,,,,,,,
23,,,,,,,,,,
24,1.0,,1.0,,,,,,1.0,
25,,,,,,,,,,
26,,,,,,,,,,
27,1.0,,,,1.0,,,,,
28,,1.0,,,1.0,,,,1.0,1.0
29,,,,,,,,,,
30,,,1.0,,,,,,,
31,,,,,,,,,,
32,,,,,,,,,,
33,,,,,,,,,,
34,,1.0,,,,,,,,
35,,,,,,,,,,
36,,,,,,,,,,
37,1.0,,,,,1.0,,,,
38,,,,,,,,,,
39,,,,,,,,,,
40,,,,,,1.0,,,,
41,1.0,,,,,,,,,
42,,,,,,,,,,
43,1.0,,,,3.0,,,,,
44,,,,,2.0,,,,,
45,1.0,1.0,1.0,1.0,,1.0,,,,
46,,,,,,,,,,
47,1.0,,,,,,,,,
48,,,,,,,,,,
49,,,,,,,,,1.0,
50,,1.0,,1.0,2.0,,,,2.0,2.0
51,2.0,,1.0,,,1.0,2.0,,,
52,,,,,,,,,,
53,,,,,1.0,,,,1.0,
54,,,,,1.0,,,,1.0,
55,2.0,,1.0,,1.0,,1.0,,,
56,1.0,1.0,,,2.0,,,,2.0,
57,1.0,1.0,,,2.0,,,,2.0,
58,,,,,,,,,,
59,,1.0,,1.0,1.0,,,,1.0,1.0
60,,,,,,,,,,
61,,,,,1.0,,,,,
62,,,,,,,,,,
63,1.0,,,,,,,,1.0,
64,,,,,,,,,,
65,,,,,1.0,,,,,
66,,,,,,,,,,
67,,1.0,,,1.0,,,,,
68,,,,,,,,,,
69,,,,,,,,,,
70,,,1.0,1.0,,,,,,
71,,,,,,,,,,
72,,,,,,,,,,
73,,,,,,,,,,
74,1.0,,,,,1.0,,,,
75,,,,,,,,,,
76,1.0,,1.0,,1.0,,,,,
77,,,,,,,,,,
78,,,,,,,,,,
79,,1.0,,,,,,,,
80,,,,,1.0,,,,,
81,1.0,,,,,,1.0,,,
82,,,,,,,,,1.0,
83,,,,,,,,,,
84,,,,,1.0,,,,,
85,,,,,1.0,,,,,
86,,,,,1.0,,,,,
87,,,,,,,,,1.0,
88,,,,,,,,,1.0,
89,,,,,,,,,,
90,,,,,,,,,,
91,,,,,,,,,,
92,,,,,2.0,1.0,,,,
93,1.0,,,,,,,,,
94,,,,,,,,,,
95,,,,,,,,,,
96,,,,,,,,,,
97,,,,,,,,,1.0,
98,,,,,,,,,,
99,,,,,,,,,,
100,,,,,,,,,,
101,,,,,,,,,,
102,,1.0,,,,,,,,
103,1.0,,1.0,,,1.0,1.0,1.0,,
104,1.0,,1.0,,,1.0,1.0,1.0,,
105,,1.0,,,,,,,,
106,,1.0,,,,,,,1.0,
107,,,,,,,,,,
108,,,,,,,,,,
109,1.0,,,1.0,,1.0,1.0,,,
110,1.0,,,,,,,,,
111,,,,,,,,,,
112,,,,,,,,,,
113,1.0,,,,,1.0,1.0,,,
114,,,,,,,,,,
115,1.0,,2.0,,,1.0,,,,
116,,,,,,,,,,
117,1.0,,2.0,,,1.0,,,,
118,,,,,1.0,,,,1.0,
119,1.0,,,,,1.0,1.0,1.0,,
120,,,,,,,,,,
121,,,,,,,,,,
122,1.0,,,,,,,1.0,,
123,,,,,,,,,,
124,1.0,,,,,1.0,1.0,,,
125,1.0,,,,,1.0,1.0,,,
126,1.0,,,,,1.0,1.0,,,
127,,1.0,,,,,,,1.0,
128,,,,,,,,,,
129,,,,,,,,,,
130,,,,,,,,,,
131,,,,,1.0,,,,1.0,1.0
132,1.0,,,,1.0,,,,,
133,,2.0,,1.0,1.0,,,,1.0,1.0
134,,,,,1.0,,,,1.0,
135,,,,,1.0,,,,1.0,
136,,,,,1.0,,,,1.0,
137,,,,,,,,,,
138,,,,,,,,,,
139,,,,,,,,,,
140,,,,,,,,,,
141,1.0,,,,,1.0,,,,
142,,,,,,,,,,
143,,1.0,,1.0,1.0,,,,1.0,1.0
144,,1.0,,1.0,1.0,,,,1.0,1.0
145,1.0,,1.0,,,,,,,
146,,,,,1.0,,,,1.0,
147,,1.0,,,1.0,,,,,1.0
148,,,,,,,,,,
149,,,,,,,,,,
150,,,,,,,,,,
151,1.0,,,,,,1.0,,1.0,
152,,1.0,,1.0,2.0,,,,1.0,1.0
153,,,,,,,,,,
154,1.0,,,,,,1.0,,,
155,1.0,,,,,,1.0,,,
156,1.0,,,,,1.0,,,,
157,,,,,,,,,,
158,,,,,,,,,,
159,,,,,,,,,,
160,,,,1.0,,,,,,
161,,,,1.0,,,,,,
162,,,,,1.0,,,,,
163,,,,,1.0,,,,1.0,1.0
164,,,,,1.0,,,,1.0,1.0
165,,,,,1.0,,,,1.0,1.0
166,,,1.0,,,,,,,
167,,,1.0,,,,,,,
168,,1.0,,1.0,3.0,,,,3.0,2.0
169,,,,,1.0,,,,1.0,1.0
170,,,,,1.0,,,,1.0,1.0
171,,,,,,,,,,
172,,,,,,,,,,
173,,1.0,,,,,,,,
174,,,,,2.0,1.0,,,1.0,1.0
175,,1.0,,,,,,,,
176,,1.0,,,,,,,,
177,,,,,2.0,1.0,,,1.0,1.0
178,,1.0,,,,,,,,
179,,,,,2.0,1.0,,,1.0,1.0
180,,1.0,,,,,,,,
181,1.0,1.0,1.0,,,1.0,,,,
182,,,,,,,,,,
183,,,,,,,,,,
184,,1.0,1.0,,1.0,1.0,,,1.0,1.0
185,1.0,1.0,1.0,,1.0,1.0,,1.0,,1.0
186,,,,,,,,,,
187,,1.0,,,1.0,,,,1.0,
188,,,,,1.0,,,,,
189,1.0,,1.0,,,,,,,
190,,1.0,,,,,,,,
191,,,,,,,,,,
192,,1.0,,,,,,,,
193,,,,,1.0,,,,,
194,,,,,,,,,,
195,,,,,,1.0,,,,
196,,,,,,,,,,
197,,1.0,,,1.0,1.0,,,1.0,
198,1.0,1.0,1.0,1.0,1.0,1.0,1.0,1.0,1.0,1.0
199,1.0,1.0,1.0,1.0,1.0,1.0,1.0,1.0,1.0,1.0
200,,,,,,,,,,
201,,,,,,,,,,
202,,,,,,,,,,
203,,,,,1.0,,,,,
204,1.0,,,,,1.0,,,,
205,2.0,,,1.0,,2.0,1.0,,,
206,,,,,1.0,,,,1.0,
207,,,,,1.0,,,,1.0,
208,,,,,,,,,,
209,1.0,,1.0,,1.0,1.0,1.0,1.0,,
210,,,,,,,,,,
211,,,,,1.0,,,,1.0,
212,,,,,1.0,,,,1.0,
213,,,,,,,,,,
214,,,,,,,,,,
215,1.0,,,,,1.0,1.0,,,
216,1.0,,1.0,,1.0,1.0,1.0,1.0,,
217,1.0,,1.0,,1.0,1.0,1.0,1.0,,
218,1.0,,1.0,,1.0,1.0,1.0,1.0,,
219,,,,,1.0,,,,,
220,,,,,2.0,,,,,
221,1.0,,1.0,,,1.0,,,1.0,
222,,,,,,,,,,
223,,,,,,,,,,
224,,,,,,,,,,
225,,,,,1.0,,,,,
226,,,,,,,,,,
227,,,,,,,,,,
228,,,,,,,1.0,,1.0,
229,,,,,,,,,,
230,1.0,,,,,,,,,
231,,,,,,,,,1.0,
232,1.0,,,,,,,,,
233,1.0,,,,,,,,,
234,,,,,,,,,,
235,,,,,,,,,,
236,,,,,,,,,,
237,,,,,,,,,,
238,,,,,,,,,,
239,1.0,,,,2.0,,,,,
240,,,,,,,,,,
241,,,,,,,,,,
242,,1.0,,,,,,,,
243,,,,1.0,,,,,,
244,,,,1.0,,,,,,
245,,,,,,,,,1.0,
246,,,,,,,,,1.0,
247,1.0,,1.0,,2.0,1.0,1.0,1.0,,
248,,,,,,,,,,
249,,,,,,,,,,
250,,,,,,,,,,
251,,,,,,,,,,
252,,,,,,,,,,
253,,,,,,,,,,
254,,,,,1.0,,,,1.0,
255,1.0,,,,1.0,,1.0,,,
256,,,,,,,,,,
257,,,,,,,,,,
258,1.0,,,,,,1.0,1.0,1.0,
259,,,,,,,,,,
260,1.0,,,,,,,,,
261,1.0,,1.0,,,,,,,
262,1.0,,1.0,,,,,,,
263,1.0,1.0,,,,,,,1.0,
264,,,,1.0,,,,,,
265,1.0,1.0,1.0,,,2.0,,,,
266,1.0,1.0,,,,,,,,
267,1.0,1.0,,1.0,,1.0,,,1.0,
268,,1.0,,1.0,1.0,,,,,1.0
269,,1.0,,1.0,1.0,,,,,1.0
270,,,,,,,,,,
271,,,,,,,,,,
272,,,,,1.0,,,,,
273,,,,,1.0,,,,,
274,,,,,,,,,,
275,,,,,,,,,,
276,,,,,1.0,,,,1.0,
277,,,,,1.0,,,,,
278,,,,,1.0,,,,1.0,
279,,,,,1.0,,,,1.0,
280,1.0,,1.0,,,,,1.0,,
281,1.0,,1.0,,,,,1.0,,
282,,,,,,,,,,
283,,,,,,,,,,
284,,,,,,,,,,
285,,,,,,,,,,
286,,,,,,1.0,1.0,,,
287,,,,,,,,,,
288,,,,,,,,,,
289,,,,,,,,,,
290,,,,,,,,,,
291,,,,,,,,,,
292,,,,,,,,,,
293,,,,,,,,,,
294,,,,,,,,,,
295,,,,,,,,,,
296,1.0,1.0,,1.0,1.0,,,,1.0,1.0
297,,,,,,,,,,
298,1.0,,,,,,,,,
299,,,,,,,,,,
300,,,,,,,,,,
301,,,,,1.0,,,,,
302,,,,,,1.0,1.0,,1.0,
303,2.0,2.0,1.0,1.0,3.0,2.0,1.0,,,1.0
304,,,,,1.0,,,,1.0,
305,,,,,1.0,,,,1.0,
306,,,,,,,,,,
307,,,,,1.0,,,,1.0,
308,,,1.0,,,1.0,,,,
309,2.0,1.0,,,,1.0,,,,
310,1.0,1.0,1.0,,,1.0,,,,
311,,,,,1.0,,,,1.0,
312,,,,,,,,,,
313,1.0,,,,,1.0,1.0,,,
314,,,,,,,,,1.0,
315,,,,,,,,,,
316,2.0,,,,,2.0,2.0,,,
317,1.0,2.0,,,,1.0,,,,
318,,,,,1.0,,,,,
319,,,,,,,,,,
320,,,,,1.0,,,,1.0,
321,,1.0,,,,,,,,
322,1.0,,1.0,,,,,1.0,,
323,1.0,,2.0,,,1.0,,,,
324,,,,,,,,,,
325,,,,,,,,,,
326,,,,,,,,,,
327,,,,,,,,,,
328,,,,,1.0,,,,,
329,,,,,1.0,,,,,
330,1.0,,,,,1.0,1.0,,,
331,,,,,,,,,,
332,,,,,,,,,,
333,1.0,,,,1.0,,,,,
334,,1.0,,,,,,,,
335,,,,,,,,,,
336,,,,,,1.0,,,,
337,,,,,1.0,,,,2.0,
338,,,,,,,,,,
339,,,,,1.0,,,,1.0,
340,,,,,,,,,,
341,,,,,,,,,,
342,,,,,,,,,,
343,,,1.0,,,,,,,
344,,,1.0,,,,,,,
345,,,,,1.0,1.0,,,,1.0
346,,,,,,,,,,
347,,1.0,,,,,,,,
348,2.0,,1.0,,1.0,1.0,1.0,,1.0,
349,2.0,,1.0,,,1.0,1.0,,,
350,,,,,,,,,,
351,,,,,,,,,,
352,,,,,,,,,,
353,,,,,,,,,,
354,,,,,2.0,,,,2.0,1.0
355,,1.0,,,1.0,,,,1.0,
356,1.0,,1.0,,1.0,,,,1.0,
357,,,,,,,,,,
358,1.0,,1.0,,1.0,,,,,
359,,,,,,,,,,
360,,,,,,,,,,
361,,,,,,,,,,
362,,,,,,,,,,
363,,,,,,,,,,
364,,1.0,,1.0,2.0,,,,,1.0
365,2.0,,1.0,,1.0,1.0,1.0,,,
366,,,,,,,,,,
367,,,,,,,,,,
368,,1.0,,,1.0,,,,,
369,,1.0,,,,1.0,,,,
370,,1.0,,,,,,,1.0,
371,,,,,1.0,,,,1.0,1.0
372,,,,,2.0,,,,,
373,,,,,,,,,,
374,,,,,1.0,,,,,
375,,,,,,,,,,
376,,,,,,,,,,
377,,,,,,,,,,
378,,,,,,,,,,
379,,,,,,,,,,
380,,,,,,,,,,
381,,,,,,,,,,
382,,,,,,,,,,
383,,,,,,,,,,
384,,,,,,,,,,
385,,,,,,,,,,
386,,1.0,,1.0,1.0,,,,1.0,1.0
387,,1.0,,1.0,1.0,,,,1.0,1.0
388,,,,,,,,,,
389,1.0,,1.0,,,1.0,1.0,1.0,,
390,,,,,,,,,,
391,,,,,,,,,,
392,,,,,,,,,,
393,,,,,,,,,,
394,,,,,,,,,,
395,,1.0,,,1.0,,,,1.0,
396,,,,,,,,,,
397,,,,,,,,,,
398,1.0,1.0,,,,2.0,,,1.0,
399,1.0,1.0,,,,2.0,,,1.0,
400,,,,,,,,,,
401,,,,,1.0,,,,1.0,
402,,,,,1.0,,,,1.0,
403,,,,,,,,,,
404,,,,,,,,,,
405,,,,,,1.0,1.0,,2.0,
406,,,,,,1.0,1.0,,2.0,
407,,,,,,,,,,
408,,,,,,,,,,
409,,,,,,,1.0,,,
410,,,,,,,1.0,,,
411,,,,1.0,,,,,,
412,,,,1.0,,,,,,
413,,,,,,,,,,
414,,,,,,,,,,
415,,,,,,,,,,
416,,,,,,,,,,
417,2.0,1.0,,,,1.0,1.0,1.0,1.0,
418,,,,,,,,,,
419,,,,,,,,,,
420,,,,,,,,,,
421,,,,,,,,,,
422,,,,,,,,,,
423,,,,,,,,,,
424,,,,,,,,,,
425,,,,,,,,,,
426,,,,,,,,,,
427,1.0,,1.0,1.0,,1.0,1.0,,,
428,,,,,,,,,1.0,
429,,,,,,,,,1.0,
430,,,,,,,,,,
431,,,,,2.0,,,,,
432,,,,,2.0,,,,,
433,,,,,2.0,,,,,
434,1.0,,,,,,,,,
435,,,,,,,,,,
436,1.0,,,,,,,,,
437,,,,,,,,,,
438,1.0,,,,,1.0,1.0,1.0,1.0,
439,,,,,,,,,,
440,,,,,1.0,,,,1.0,1.0
441,,,,,1.0,,,,1.0,1.0
442,,,,,1.0,,,,1.0,1.0
443,,,,,1.0,,,,1.0,1.0
444,,,,,1.0,,,,1.0,1.0
445,,,,,,,,,,
446,,,,1.0,,,,,,
447,,,,1.0,,,,,,
448,1.0,1.0,,,,,,,,
449,,,1.0,,,,,,,
450,,1.0,,,,,,,,
451,,1.0,,,,,,,,
452,1.0,,,,,,1.0,,,
453,,,,,,,,,,
454,,,,,,,,,,
455,,,,,,,,,,
456,,,,,,,,,,
457,,,,,,,,,,
458,,,,,,,,,,
459,1.0,,2.0,,1.0,1.0,1.0,,,
460,1.0,2.0,,,,,,,1.0,
461,1.0,1.0,1.0,,,1.0,,,,
462,,,1.0,,1.0,,,,1.0,1.0
463,,,1.0,,1.0,,,,1.0,1.0
464,,,,,,,,,,
465,,,,,,,,,,
466,1.0,,,1.0,3.0,1.0,,,2.0,1.0
467,1.0,,,1.0,3.0,1.0,,,2.0,1.0
468,,,,,,,,,,
469,,,,,1.0,,,,1.0,1.0
470,,,,,,,,,,
471,,,,,,,,,,
472,,,,,,,,,,
473,,1.0,,,,,,,,
474,,,,,,,,,,
475,1.0,1.0,,,,,,,1.0,
476,1.0,1.0,,,,,,,1.0,
477,1.0,1.0,,,,,,,1.0,
478,1.0,1.0,,,,,,,1.0,
479,1.0,1.0,2.0,,1.0,3.0,1.0,,1.0,1.0
480,,,,,1.0,,,,,
481,,1.0,,1.0,1.0,,,,,1.0
482,,,,,,,,,,
483,,,,,,,,,,
484,,,,,1.0,,,,,
485,,,,,,,,,,
486,,1.0,,,,,,,,
487,,1.0,,,,,,,1.0,
488,,,,,,,,,,
489,,,,,1.0,,,,1.0,
490,1.0,,,,,2.0,1.0,,,
491,1.0,,,,,2.0,1.0,,,
492,1.0,,,,,2.0,1.0,,,
493,,,,,,,,,,
494,,,,,,,,,,
495,,,,,,,,,,
496,,,,,,,,,,
497,,,,,,,,,,
498,2.0,,,,,,,1.0,,
499,2.0,,,,,,,1.0,,
500,,2.0,,1.0,,,,,,
501,,2.0,,1.0,,,,,,
502,,1.0,,1.0,,,,,,
503,1.0,,1.0,,,1.0,1.0,1.0,,
504,1.0,,1.0,,1.0,1.0,1.0,,,
505,,,,,,,,,,
506,,1.0,,,,,,,,
507,,,,,,,,,,
508,1.0,,,,,1.0,1.0,,,
509,1.0,,,,,1.0,1.0,,,
510,,1.0,,,,,,,,
511,,,,,,,,,,
512,,,,,,,,,,
513,,,,,,,,,,
514,,,,,,,,,,
515,,,,,,,,,,
516,,,,,,,,,,
517,,,,,,,,,,
518,,,,,,,,,,
519,,,,,,,,,,
520,1.0,,1.0,,,,,1.0,,
521,1.0,,1.0,,,,,1.0,,
522,,,,,,,,,,
523,,,,,,,,,,
524,1.0,,,,,,,,,
525,,,,,,,,,1.0,
526,,,,,,,,,,
527,1.0,,1.0,,,1.0,,1.0,,
528,1.0,,1.0,,,1.0,,1.0,,
529,1.0,,1.0,,,1.0,,1.0,,
530,,1.0,,,,,,,,
531,,,,,,,,,,
532,,1.0,,1.0,1.0,,,,1.0,1.0
533,1.0,1.0,,,,,,,,
534,2.0,1.0,,,2.0,1.0,,,3.0,
535,1.0,,,,,,,,,
536,,,,,,,,,,
537,,,,,,,,,,
538,,,,,,,,,,
539,,,,,,,,,1.0,
540,,,,,,,,,,
541,1.0,,,,,,,,,
542,,,,,1.0,,,,,
543,,,,,,,,,,
544,,,,,1.0,,,,1.0,1.0
545,,1.0,,,1.0,,,,1.0,1.0
546,1.0,1.0,1.0,1.0,,1.0,1.0,1.0,,
547,1.0,,,,,,,,,
548,,,,,,,,,,
549,,,,,1.0,,,,,
550,1.0,3.0,1.0,,,1.0,1.0,,,
551,,,,,1.0,,,,1.0,1.0
552,,,,,2.0,,,,1.0,
553,,,,,2.0,,,,1.0,
554,,,,,2.0,,,,1.0,
555,,,,,2.0,,,,1.0,
556,,,,,1.0,,,,1.0,1.0
557,,,,,1.0,,,,1.0,1.0
558,,,,,1.0,,,,1.0,1.0
559,,,,,1.0,,,,1.0,1.0
560,,,,,1.0,,,,1.0,1.0
561,,,,,1.0,,,,2.0,1.0
562,,,,,,,,,,
563,,1.0,,,1.0,1.0,,,,
564,,,,,,,,,,
565,,,,,,,,,,
566,,,,,,,,,,
567,,,,,1.0,,,,1.0,1.0
568,,,,,1.0,,,,1.0,1.0
569,,,,,,1.0,,,1.0,
570,,,,,,,,,,
571,2.0,2.0,,1.0,1.0,2.0,,,,1.0
572,,1.0,,,,,,,,
573,,,,,1.0,,,,1.0,
574,3.0,1.0,1.0,1.0,,2.0,2.0,1.0,,
575,3.0,1.0,1.0,1.0,,2.0,2.0,1.0,,
576,3.0,1.0,1.0,1.0,,2.0,2.0,1.0,,
577,,,,,,,,,,
578,,,,,,,,,,
579,1.0,,,,1.0,,,,,
580,,,,,,,,,,
581,,,,,,,,,,
582,,1.0,,1.0,1.0,,,,,1.0
583,,1.0,,1.0,1.0,,,,,1.0
584,1.0,,,,,,1.0,,,
585,,,,,,,,,,
586,,,,,,,,,,
587,,,,,,,,,,
588,2.0,2.0,2.0,,,2.0,2.0,1.0,1.0,
589,,,,,1.0,,,,,
590,,,,,1.0,,,,,
591,,,,,1.0,,,,1.0,
592,,,,,,,,,,
593,,,,,,,,,,
594,1.0,,,,,,,,,
595,1.0,,,,,,,,,
596,1.0,,,,,,,,,
597,2.0,1.0,,,,1.0,1.0,,,
598,,,,,,,,,,
599,,,,,,,,,,
600,,,,1.0,1.0,,,,1.0,1.0
601,,,,1.0,1.0,,,,1.0,1.0
602,1.0,,2.0,,1.0,1.0,,,,
603,,,,,1.0,,,,,
604,,1.0,,,1.0,,,,1.0,1.0
605,,,1.0,,,,,,,
606,,,,,1.0,,,,1.0,
607,,,,,,,,,,
608,,1.0,,,1.0,,,,,
609,,1.0,,,1.0,,,,,
610,1.0,1.0,1.0,,2.0,,1.0,,1.0,
611,,,,,,,,,,
612,,,,,,,,,,
613,2.0,1.0,1.0,,,1.0,1.0,,,
614,,,,,1.0,,,,,
615,,,,,,,,,,
616,,2.0,,1.0,1.0,,,,1.0,1.0
617,,,,,,,,,,
618,,,,,,,,,,
619,,,,,,1.0,,,,
620,,,,,,,,,,
621,1.0,,,,,1.0,1.0,,,
622,,,,,,,,,,
623,,,,,,,,,,
624,,,,1.0,,,,,,
625,,1.0,,,,,,,,
626,,1.0,,,,,,,,
627,,,,,,,,,,
628,1.0,,,,,,,,,
629,1.0,,,,,,,,,
630,3.0,,2.0,,,3.0,,,,
631,3.0,,2.0,,,3.0,,,,
632,1.0,1.0,1.0,,1.0,1.0,,,,
633,,1.0,,,1.0,,1.0,,,1.0
634,,1.0,,,1.0,,1.0,,,1.0
635,1.0,,,,,1.0,,,,
636,1.0,,1.0,1.0,,1.0,,1.0,,
637,,,,,1.0,,,,,
638,,,,,1.0,,,,,
639,,1.0,,,1.0,,1.0,,,1.0
640,,,,,2.0,,,,,
641,1.0,,,,1.0,,,,,
642,,,,,,,,,,
643,,,,,2.0,,,,2.0,
644,,,,,2.0,,,,2.0,
645,,,,,1.0,,,,1.0,
646,,2.0,,1.0,1.0,,,,1.0,1.0
647,,1.0,,,,,,,,
648,1.0,,1.0,,,,,,,
649,1.0,1.0,,,,1.0,,,,
650,1.0,,2.0,,,1.0,,,,
651,1.0,,2.0,,,1.0,,,,
652,,1.0,,1.0,2.0,,,,1.0,1.0
653,1.0,1.0,,,1.0,,,,1.0,
654,1.0,1.0,,,1.0,,,,1.0,
655,,,1.0,,,,,,,
656,,,,,,,,,,
657,1.0,1.0,1.0,,,1.0,,,,
658,,,,,,,,,,
659,,,1.0,,,,,,,
660,,,,,,,,,,
661,,,,,,,,,,
662,,,,,,,,,,
663,,,,,,,,,,
664,,,,,1.0,,,,1.0,1.0
665,,,,,,,,,,
666,,,,,,1.0,,,,
667,,,,,,,,,,
668,1.0,1.0,,,1.0,,,,1.0,
669,,1.0,,,1.0,,,,1.0,1.0
670,,,,,,,,,,
671,1.0,,1.0,,1.0,,1.0,,1.0,1.0
672,1.0,,,,1.0,,1.0,,,
673,,,,,,,,,1.0,
674,1.0,,1.0,,,1.0,,,1.0,
675,,,,,1.0,,,,1.0,
676,,,,,,,,,,
677,,,,,2.0,,,,1.0,
678,,,,,,,,,,
679,,,,,,,,,,
680,,,,,,,,,,
681,,,,,,,,,,
682,,,,,,,,,,
683,,,,,,,,,,
684,,,,,,,,,,
685,,2.0,,1.0,1.0,,,,1.0,1.0
686,,,,,,,,,,
687,,,,,,,,,,
688,,,,,,,,,,
689,,,,,,,,,,
690,,,,,,,,,,
691,,,,,,1.0,,,,
692,,,,,,1.0,,,,
693,,,,,,1.0,,,,
694,,,,,,1.0,,,,
695,,,,,1.0,,,,1.0,1.0
696,,,,,,,,,,
697,,,,,,1.0,,,,
698,,,,,,,,,,
699,,1.0,,,,,,,,
700,,,,1.0,1.0,,,,1.0,1.0
701,,,,,1.0,,,,,
702,,,,,,1.0,,,1.0,
703,,,,,,1.0,,,,
704,,,,,,1.0,,,,
705,,2.0,,1.0,,,,,,
706,1.0,,,,1.0,,1.0,,,
707,,,,,,,,,,
708,,,,,,,,,,
709,1.0,,1.0,,,,,,,
710,1.0,,1.0,,,,1.0,1.0,,
711,,,,,,,,,,
712,,,1.0,,,,,,,
713,1.0,,,,1.0,,,,,
714,,,,,,,,,,
715,,,,,1.0,,,,1.0,1.0
716,1.0,1.0,,,,1.0,,,,
717,,,,2.0,,,,,,
718,,,,,1.0,,,,1.0,1.0
719,,,,,1.0,,,,1.0,
720,1.0,,,,1.0,,,,2.0,
721,,1.0,,,,,,,,
722,1.0,,1.0,,,,,,1.0,
723,1.0,,1.0,,,,,,1.0,
724,1.0,,,,,,,,,
725,1.0,,,,,,,,,
726,1.0,,1.0,,,,,,,
727,,,,,1.0,,,,,
728,1.0,,,,,1.0,1.0,,,
729,1.0,,,,,,,,,
730,1.0,,,,,,,,,
731,,,,,,,,,,
732,1.0,,,,,,1.0,,,
733,,,,,,,,,,
734,,,,,,,,,,
735,1.0,1.0,,,,,,,,
736,,,,,,,,,,
737,1.0,,1.0,,,1.0,,,,
738,,,,,,,,,,
739,,1.0,,,,,,,,
740,,1.0,,,,,,,,
741,,,,,1.0,,,,,1.0
742,1.0,1.0,1.0,,,1.0,1.0,,,
743,,,,,1.0,,,,1.0,
744,,,,,,,,,,
745,1.0,1.0,1.0,,,1.0,1.0,,,
746,,,,,,,,,,
747,1.0,,1.0,,,1.0,1.0,,,
748,1.0,,1.0,,,1.0,1.0,,,
749,1.0,,1.0,,,1.0,1.0,,,
750,1.0,,1.0,,,1.0,1.0,,,
751,,,,,,,,,,
752,,,,,,,,,,
753,,,,,,,,,,
754,,,,,,,,,,
755,,,,,,,,,,
756,1.0,1.0,1.0,,,1.0,,,,
757,,,,,1.0,,,,,
758,,,,,1.0,,,,,
759,1.0,1.0,1.0,1.0,,1.0,,,,
760,1.0,1.0,1.0,1.0,,1.0,,,,
761,,,,,,,,,,
762,,1.0,,,,,,,,
763,1.0,,,,,,,,,
764,,,,,1.0,,,,,
765,,,,,1.0,,,,,
766,1.0,,,,,,,,,
767,,,1.0,,1.0,,,,,
768,,,1.0,,,,,,,
769,,,,,,,,,,
770,,,,,,,,,,
771,,,,,,,,,,
772,1.0,1.0,,1.0,1.0,1.0,1.0,1.0,1.0,1.0
773,,,,,1.0,,,,1.0,
774,1.0,,,,,1.0,1.0,,,
775,,,,,1.0,1.0,,,,
776,1.0,,,,,,1.0,,,
777,,,,,,,,,,
778,,,,,,,,,,
779,1.0,1.0,,,1.0,,,,1.0,
780,1.0,1.0,,,1.0,,,,1.0,
781,1.0,1.0,,,1.0,,,,1.0,
782,1.0,1.0,,,1.0,,,,1.0,
783,3.0,,3.0,,1.0,1.0,1.0,2.0,,
784,,1.0,,,,,,,,
785,,,,,,1.0,,,1.0,
786,,,,,,,,,,
787,,,,,,,,,,
788,,,,,,,,,,
789,,,,,1.0,,,,,
790,,1.0,,2.0,1.0,,,,1.0,1.0
791,,,,,,,,,,
792,,,,,,,,,,
793,,,,,,,,,,
794,,,,,,,,,,
795,,,,,,,,,,
796,,,,,,,,,,
797,,,,,,,,,,
798,,,,,,,,,,
799,,1.0,,,,,,,,
800,,,,,,,,,,
801,,2.0,,,1.0,,1.0,,1.0,1.0
802,,,,,,,,,,
803,,,,,,,,,,
804,,1.0,,,,,,,,
805,,1.0,,,,,,,,
806,1.0,1.0,,,1.0,1.0,,1.0,1.0,
807,1.0,,1.0,,,1.0,,,,
808,1.0,,1.0,,,1.0,,,,
809,1.0,,1.0,,,1.0,,,,
810,,,,,,,,,,
811,,1.0,,,,,,,1.0,
812,,1.0,,,,,,,1.0,
813,,,,,,,,,,
814,,,,,,,,,,
815,,,,,,,,,,
816,1.0,1.0,,,1.0,1.0,1.0,,1.0,1.0
817,,,,,,,,,,
818,,1.0,,,,,,,1.0,
819,1.0,,,,,,,,,
820,2.0,,,,,3.0,2.0,,1.0,
821,,,,,,,,,,
822,,,,,,,,,,
823,,,,,1.0,,,,1.0,
824,,,,,,,,,,
825,1.0,,1.0,,,1.0,1.0,1.0,,
826,,,,,,,,,1.0,
827,,,,,,,,,1.0,
828,,,,,,,,,,
829,,,,,,,,,,
830,,1.0,,,1.0,1.0,,,1.0,
831,,1.0,,,1.0,1.0,,,1.0,
832,,,,,,,,,,
833,,,,,,,,,,
834,,,,,,,,,,
835,,,,,,,,,,
836,,,,,,,,,,
837,,,,,,,,,,
838,,,,,,,,,,
839,,,,,,,,,,
840,,,,,,,,,,
841,2.0,1.0,,2.0,1.0,1.0,,,2.0,
842,,1.0,,,1.0,,,,1.0,
843,,1.0,,,1.0,,,,1.0,
844,,1.0,,,1.0,,,,1.0,
845,,1.0,,,1.0,,,,1.0,
846,,,,,,,,,,
847,,,,,,,,,,
848,,1.0,,,,,,,,
849,1.0,,1.0,,1.0,1.0,1.0,1.0,,
850,,,,,,,,,,
851,,,,,,,,,,
852,,,,,,,,,,
853,,,,,,,,,,
854,,,,,,,,,,
855,,,,,,,,,,
856,,,,,,,,,,
857,,,,,,,,,,
858,1.0,,1.0,,1.0,1.0,,,1.0,
859,,,,,,,,,,
860,,1.0,,,1.0,,,,1.0,
861,,,,,,,,,,
862,,,,,,,,,,
863,,1.0,,,1.0,,,,1.0,
864,,,,,,,,,,
865,,,,,,,,,,
866,,,,,,,,,,
867,,,,,,,,,,
868,,,,,,,,,,
869,,,,,,,,,,
870,,,,,,,,,,
871,1.0,1.0,,1.0,1.0,,,,1.0,1.0
872,,1.0,,,1.0,,,,1.0,
873,,,,,,,,,,
874,,,,,,,,,,
875,,,,,1.0,,,,,
876,1.0,,,,,,,,,
877,,,,,1.0,,,,,
878,,,,,,,,,,
879,,,,,,1.0,,,,
880,1.0,,,,,,,,,
881,,,,,,,,,,
882,,,,,,,,,,
883,,,,,,,,,,
884,,,,,,,,,,
885,,,,,,,,,,
886,,,,,,,,,,
887,,,,,,,,,,
888,,,,,,,,,,
889,,,,,,,,,,
890,1.0,,,1.0,1.0,,1.0,,1.0,1.0
891,,,,,,,,,,
892,1.0,,,,1.0,1.0,,1.0,1.0,
893,1.0,,1.0,,,1.0,1.0,1.0,,
894,,,,,,,,,,
895,,,,,,,,,,
896,,,,,,,,,,
897,1.0,,,,,,,,,
898,,1.0,,1.0,1.0,,,,2.0,1.0
899,,,,,,,,,,
900,,,,,,,,,,
901,,1.0,,,,,,,,
902,,,,,,,,,,
903,,,,,,,,,,
904,,,,,,,,,,
905,1.0,,1.0,,1.0,1.0,,,,
906,,,,,,,,,,
907,,,,,,,,,,
908,,,,,,,,,,
909,,,,,,,,,,
910,,,,,,,,,,
911,,,,,,,,,,
912,1.0,,,,,1.0,1.0,,,
913,1.0,,1.0,,,1.0,,,,
914,,,,,,,,,,
915,,,,,,,,,,
916,,,,,,,,,,
917,1.0,2.0,1.0,1.0,2.0,,1.0,1.0,1.0,1.0
918,,,,,,,,,,
919,,,,,,,,,,
920,1.0,,,,,,,,1.0,
921,,,,,,,,,,
922,,,,,,,,,,
923,,,,,,,,,,
924,,,,,,,,,,
925,1.0,,,,1.0,1.0,1.0,,1.0,1.0
926,,,,,,,,,,
927,,,,,1.0,,,,1.0,1.0
928,,,,,,,,,,
929,,1.0,,,,,,,,
930,,,,,,,,,,
931,,1.0,,,,,,,1.0,
932,,1.0,,,,,,,1.0,
933,,1.0,,,,,,,,
934,,,,,,,,,,
935,3.0,2.0,,,,,,1.0,1.0,
936,,,,,2.0,,,,,
937,,,,,,,,,,
938,,,,,,,,,,
939,,1.0,,,,,,,,
940,,,,,,,,,,
941,,,,,1.0,,,,,
942,,,,,1.0,,,,,
943,,,,,,,,,,
944,,1.0,,,,,,,,
945,1.0,,,,,1.0,1.0,,,
946,1.0,,,,,1.0,1.0,,,
947,,,,,,,,,,
948,,2.0,,2.0,3.0,,,,2.0,2.0
949,,2.0,,2.0,3.0,,,,2.0,2.0
950,1.0,,,,,1.0,1.0,1.0,,
951,,,,,,,,,,
952,,,,,,,,,,
953,,,,,,,,,,
954,,,,,,,,,,
955,,,,,,,,,,
956,,,,,,,,,,
957,,,,,,,,,,
958,,,,,1.0,,,,1.0,1.0
959,1.0,1.0,,1.0,2.0,1.0,1.0,1.0,2.0,2.0
960,1.0,1.0,,1.0,2.0,1.0,1.0,1.0,2.0,2.0
961,,,,,,,,,,
962,,,,,,,,,,
963,,,,,,,,,,
964,,,,,,,,,,
965,,,,,,,,,,
966,,,,,,,,,,
967,,,,,,,,,,
968,,,,,,,,,,
969,,,,,,,,,,
970,,,,,,,,,,
971,,,,,,,,,,
972,,,,,,,,,,
973,,,,,,,,,,
974,,,,1.0,,,,,,
975,,,,1.0,,,,,,
976,,,,1.0,,,,,,
977,,,,1.0,,,,,,
978,,1.0,,,2.0,,,,,
979,,1.0,,,2.0,,,,,
980,,,,,,,,,,
981,1.0,1.0,,,,,,,,
982,,,,,,,,,,
983,1.0,1.0,,,,,,,,
984,1.0,1.0,,,,,,,,
985,,,,,,,,,,
986,,,,,,,,,,
987,1.0,,,,,,,1.0,1.0,
988,,,,,1.0,1.0,,,,
989,1.0,1.0,,,,,,,,
990,,1.0,,1.0,2.0,,,,1.0,1.0
991,,,,,,,,,,
992,,,,,,,,,,
993,1.0,,,,,,1.0,1.0,,
994,,,,,,,,,,
995,,,,,1.0,,,,,
996,,,,,,,,,,
997,,,,,,,,,,
998,,,,,,,,,,
999,,,,,,,,,,
1000,1.0,2.0,,,2.0,1.0,1.0,,2.0,
1001,1.0,,1.0,1.0,3.0,1.0,1.0,,1.0,1.0
1002,1.0,,1.0,1.0,3.0,1.0,1.0,,1.0,1.0
1003,,2.0,,,1.0,,1.0,,1.0,1.0
1004,,2.0,,,1.0,,1.0,,1.0,1.0
1005,,,,,,,,,,
1006,1.0,,1.0,,,,,,,
1007,1.0,,1.0,,,,,,,
1008,1.0,,1.0,,1.0,,,,,
1009,1.0,1.0,,,1.0,,,,1.0,
1010,1.0,1.0,,,1.0,,,,1.0,
1011,,,,,,,,,,
1012,,,,,,,,,,
1013,,,,,,,,,,
1014,2.0,1.0,,,,,1.0,,,
1015,,,,,,,,,,
1016,,,,,,,,,,
1017,,,,1.0,1.0,,,,,1.0
1018,,,,,,,,,,
1019,,,,,,,,,,
1020,1.0,,1.0,,1.0,1.0,1.0,1.0,,
1021,,,,,,,,,,
1022,,,1.0,,,,,,,
1023,,,,,,,,,,
1024,,,,,,,,,,
1025,,,,,,,,,,
1026,,,,,,,,,,
1027,,,,,,,,,,
1028,,,,,,,,,,
1029,,,,,,,,,,
1030,,,,,,,,,,
1031,,,,,,,,,,
1032,1.0,1.0,1.0,,,1.0,1.0,,,
1033,,,,,,,,,,
1034,,,,,,,,,,
1035,,1.0,,,1.0,,,,,
1036,,1.0,,,1.0,,,,,
1037,,,,,,,,,,
1038,1.0,1.0,,,1.0,,,,2.0,1.0
1039,,,,,,,,,,
1040,,,,,,,,,,
1041,,,,,,,,,,
1042,,,,,,,,,,
1043,1.0,,1.0,1.0,2.0,1.0,1.0,,,
1044,,,,,,,,1.0,,
1045,,,,,,,,,,
1046,,,,,,,,,,
1047,,,,,,,,,,
1048,,,,,1.0,,,,1.0,
1049,1.0,,,1.0,,1.0,,,,
1050,,1.0,,,,,,,,
1051,,1.0,,,,,,,,
1052,,,,,,,,,,
1053,,,,,,,,,,
1054,,,,,,,,,,
1055,,,1.0,,,1.0,,,,
1056,,1.0,,,,,,,,
1057,,1.0,,,,,,,,
1058,,,,,,,,,,
1059,,,1.0,,,1.0,,,,
1060,1.0,,,,2.0,,,,,
1061,1.0,,,,3.0,,,,,
1062,1.0,,,,3.0,,,,,
1063,1.0,,,,3.0,,,,,
1064,1.0,,,,3.0,,,,,
1065,1.0,,,,,2.0,1.0,,,
1066,1.0,,,,,2.0,1.0,,,
1067,,,,,1.0,,,,1.0,
1068,,,,,,,,,,
1069,,,,,1.0,,,,,
1070,,,,,,,,,,
1071,,,,,,,,,,
1072,,,,,,,,,,
1073,,,,,,,,,,
1074,,,1.0,,,,,,,
1075,,,,,,,,,,
1076,,,,,,,,,,
1077,1.0,,1.0,,,,,,,
1078,,,,,,,,,,
1079,,,,,,,,,,
1080,,1.0,,1.0,1.0,,,,1.0,1.0
1081,,,,,1.0,,,,1.0,1.0
1082,,,,,1.0,,,,1.0,1.0
1083,,,,,,,,,,
1084,,,,,,,,,,
1085,,,,,,,,,,
1086,,,,,,,,,,
1087,,,,,,,,,,
1088,,,,,1.0,,,,,
1089,,,,,1.0,,,,,
1090,1.0,,,,1.0,,,,,
1091,,,,,,,,,,
1092,,,,,,,,,,
1093,2.0,1.0,,1.0,,2.0,1.0,,1.0,
1094,,,,,,,,,,
1095,,,,,,,,,,
1096,,,,,,,,,,
1097,1.0,1.0,,,1.0,1.0,1.0,,1.0,1.0
1098,1.0,1.0,1.0,,,,,,2.0,
1099,1.0,1.0,1.0,,,,,,2.0,
1100,,,,1.0,1.0,,,,1.0,1.0
1101,,,,,1.0,,,,,
1102,,,,,,1.0,,,1.0,
1103,,,,,,1.0,,,,
1104,,,,,,1.0,,,,
1105,,2.0,,1.0,,,,,,
1106,1.0,,,,1.0,,1.0,,,
1107,,,,,,,,,,
1108,,,,,,,,,,
1109,1.0,,1.0,,,,,,,
1110,1.0,,1.0,,,,1.0,1.0,,
1111,,,,,,,,,,
1112,,,1.0,,,,,,,
1113,1.0,,,,1.0,,,,,
1114,,,,,,,,,,
1115,,,,,1.0,,,,1.0,1.0
1116,1.0,1.0,,,,1.0,,,,
1117,,,,2.0,,,,,,
1118,,,,,1.0,,,,1.0,1.0
1119,,,,,1.0,,,,1.0,
1120,1.0,,,,1.0,,,,2.0,
1121,,1.0,,,,,,,,
1122,1.0,,1.0,,,,,,1.0,
1123,1.0,,1.0,,,,,,1.0,
1124,1.0,,,,,,,,,
1125,1.0,,,,,,,,,
1126,1.0,,1.0,,,,,,,
1127,,,,,1.0,,,,,
1128,1.0,,,,,1.0,1.0,,,
1129,1.0,,,,,,,,,
1130,1.0,,,,,,,,,
1131,,,,,,,,,,
1132,1.0,,,,,,1.0,,,
1133,,,,,,,,,,
1134,,,,,,,,,,
1135,1.0,1.0,,,,,,,,
1136,,,,,,,,,,
1137,1.0,,1.0,,,1.0,,,,
1138,,,,,,,,,,
1139,,1.0,,,,,,,,
1140,,1.0,,,,,,,,
1141,,,,,1.0,,,,,1.0
1142,1.0,1.0,1.0,,,1.0,1.0,,,
1143,,,,,1.0,,,,1.0,
1144,,,,,,,,,,
1145,1.0,1.0,1.0,,,1.0,1.0,,,
1146,,,,,,,,,,
1147,1.0,,1.0,,,1.0,1.0,,,
1148,1.0,,1.0,,,1.0,1.0,,,
1149,1.0,,1.0,,,1.0,1.0,,,
1150,1.0,,1.0,,,1.0,1.0,,,
1151,,,,,,,,,,
1152,,,,,,,,,,
1153,,,,,,,,,,
1154,,,,,,,,,,
1155,,,,,,,,,,
1156,1.0,1.0,1.0,,,1.0,,,,
1157,,,,,1.0,,,,,
1158,,,,,1.0,,,,,
1159,1.0,1.0,1.0,1.0,,1.0,,,,
1160,1.0,1.0,1.0,1.0,,1.0,,,,
1161,,,,,,,,,,
1162,,1.0,,,,,,,,
1163,1.0,,,,,,,,,
1164,,,,,1.0,,,,,
1165,,,,,1.0,,,,,
1166,1.0,,,,,,,,,
1167,,,1.0,,1.0,,,,,
1168,,,1.0,,,,,,,
1169,,,,,,,,,,
1170,,,,,,,,,,
1171,,,,,,,,,,
1172,1.0,1.0,,1.0,1.0,1.0,1.0,1.0,1.0,1.0
1173,,,,,1.0,,,,1.0,
1174,1.0,,,,,1.0,1.0,,,
1175,,,,,1.0,1.0,,,,
1176,1.0,,,,,,1.0,,,
1177,,,,,,,,,,
1178,,,,,,,,,,
1179,1.0,1.0,,,1.0,,,,1.0,
1180,1.0,1.0,,,1.0,,,,1.0,
1181,1.0,1.0,,,1.0,,,,1.0,
1182,1.0,1.0,,,1.0,,,,1.0,
1183,3.0,,3.0,,1.0,1.0,1.0,2.0,,
1184,,1.0,,,,,,,,
1185,,,,,,1.0,,,1.0,
1186,,,,,,,,,,
1187,,,,,,,,,,
1188,,,,,,,,,,
1189,,,,,1.0,,,,,
1190,,1.0,,2.0,1.0,,,,1.0,1.0
1191,,,,,,,,,,
1192,,,,,,,,,,
1193,,,,,,,,,,
1194,,,,,,,,,,
1195,,,,,,,,,,
1196,,,,,,,,,,
1197,,,,,,,,,,
1198,,,,,,,,,,
1199,,1.0,,,,,,,,
1200,,,,,1.0,,,,,
1201,,,,,1.0,,,,,
1202,,,,,1.0,,,,,
1203,,,,,,,,,,
1204,,,,,,,,,,
1205,,,,,,,,,,
1206,,,,,,,,,,
1207,,,1.0,,,1.0,1.0,,1.0,
1208,,,1.0,,,1.0,1.0,,1.0,
1209,1.0,,,1.0,,1.0,,,1.0,
1210,,,,,2.0,,,,2.0,1.0
1211,,,,,2.0,,,,2.0,1.0
1212,,,,,,,,,1.0,
1213,,,,,,,,,1.0,
1214,1.0,,,1.0,,1.0,1.0,,,
1215,,,,,,1.0,,,,
1216,,,,,1.0,,,,1.0,1.0
1217,,,,,,,,,,
1218,2.0,,1.0,,,1.0,1.0,1.0,,
1219,1.0,,,,,,1.0,,,
1220,,1.0,,1.0,2.0,,,,1.0,2.0
1221,,,,,,,,,1.0,
1222,,,,,2.0,,,,1.0,1.0
1223,,,,,2.0,,,,1.0,1.0
1224,,,,,2.0,,,,1.0,1.0
1225,,,,,2.0,,,,1.0,1.0
1226,,,,,,,,1.0,,
1227,,,,,,,,,,
1228,,,,,,,,,,
1229,,,,,,,,,,
1230,2.0,1.0,1.0,1.0,,1.0,2.0,2.0,,
1231,,,,,,,,,,
1232,,,,,,,,,,
1233,2.0,1.0,1.0,1.0,,1.0,2.0,2.0,,
1234,1.0,,1.0,,,,,,,
1235,1.0,,1.0,,,,,,,
1236,,,,,,,,,,
1237,,,,,,,,,,
1238,,,,,,,,,,
1239,,,,,,,,,,
1240,,,,,,,,,,
1241,,1.0,,,2.0,1.0,,,1.0,
1242,,1.0,,,2.0,1.0,,,1.0,
1243,,1.0,,,1.0,,,,,
1244,,1.0,,,1.0,,,,,
1245,1.0,,,,,,1.0,1.0,,
1246,,1.0,,,,,,,,
1247,2.0,1.0,1.0,2.0,,2.0,2.0,2.0,,
1248,2.0,1.0,1.0,2.0,,2.0,2.0,2.0,,
1249,2.0,1.0,1.0,2.0,,2.0,2.0,2.0,,
1250,,,,,,,,,,
1251,2.0,1.0,1.0,2.0,,2.0,2.0,2.0,,
1252,2.0,1.0,1.0,2.0,,2.0,2.0,2.0,,
1253,2.0,1.0,1.0,2.0,,2.0,2.0,2.0,,
1254,2.0,1.0,1.0,2.0,,2.0,2.0,2.0,,
1255,,,,,,,,,,
1256,2.0,,1.0,,,1.0,1.0,,,
1257,,,,,1.0,,,,1.0,
1258,,,,,1.0,,,,1.0,
1259,,,,,1.0,,,,1.0,
1260,,,,,1.0,,,,1.0,
1261,,1.0,1.0,1.0,1.0,,,,1.0,1.0
1262,,,,,1.0,,,,,
1263,,,,,,,,,,
1264,1.0,,1.0,,,,,,,
1265,,,,,,1.0,,,,
1266,1.0,,,,,,,,,
1267,,,,,1.0,,,,1.0,
1268,,,,,,,,,,
1269,,,,,,,,,,
1270,1.0,,,,,,,,,
1271,,,,,,,,,,
1272,,,,,,,,,,
1273,1.0,1.0,1.0,1.0,,1.0,1.0,1.0,1.0,
1274,3.0,1.0,1.0,1.0,,2.0,2.0,1.0,,
1275,3.0,1.0,1.0,1.0,,2.0,2.0,1.0,,
1276,1.0,1.0,,1.0,,1.0,1.0,,,
1277,2.0,,1.0,,,1.0,,,,
1278,,,,,1.0,,,,,
1279,,,,,1.0,,,,,
1280,,1.0,,,1.0,1.0,1.0,,1.0,
1281,,1.0,,,1.0,1.0,1.0,,1.0,
1282,,,,,,,,,,
1283,,,,,,1.0,,,,
1284,,,,,,,,,,
1285,1.0,,,,1.0,1.0,,,,
1286,,,,,,,,,,
1287,,,,,,,,,,
1288,,,,,,,,,,
1289,,,,,,,,,,
1290,2.0,,,,2.0,2.0,1.0,1.0,2.0,
1291,,,,,,,,,,
1292,1.0,,,,,,,,,
1293,,,,,1.0,,,,,
1294,,1.0,,1.0,1.0,,,,2.0,1.0
1295,1.0,1.0,1.0,1.0,,1.0,1.0,1.0,,
1296,1.0,1.0,1.0,1.0,,1.0,1.0,1.0,,
1297,,,,,2.0,,,,,
1298,,,,,2.0,,,,,
1299,,,,,2.0,,,,,
1300,,,,,1.0,,,,,
1301,,,,,1.0,,,,,
1302,,,,,2.0,,,,1.0,1.0
1303,,,,,,,,,,
1304,,,,,,,,,,
1305,1.0,,,,,,,,,
1306,1.0,,,,,,,,,
1307,,,,,,,,,,
1308,,,,,,,,,,
1309,,,,,,,,,1.0,
1310,,,,,,,,,,
1311,,,,,,,,,,
1312,,,,,,,,,,
1313,,,,,,,,,,
1314,,,,,,1.0,,,,
1315,2.0,1.0,,,,1.0,,,1.0,
1316,2.0,1.0,,,,1.0,,,1.0,
1317,,,,,,,,,,
1318,,,,,,,,,,
1319,,,,,,,,,,
1320,,,,,,,,,,
1321,1.0,,1.0,,,,,,1.0,
1322,3.0,,1.0,,,1.0,1.0,,,
1323,,,,,,,,,,
1324,,,,,,,,,,
1325,,,,,,,,,,
1326,,,,,,,,,,
1327,,,,,,,,,,
1328,1.0,,,,1.0,,,,1.0,
1329,,,,,1.0,,,,,
1330,,1.0,,,1.0,,,,1.0,
1331,1.0,,,,,,1.0,,,
1332,,,,1.0,,,,,,
1333,1.0,,,,1.0,,,,1.0,
1334,1.0,,,,,,,,,
1335,1.0,,,,,,,,,
1336,,,,,,,,,,
1337,,,,,,,,,,
1338,,1.0,,,2.0,1.0,,,1.0,
1339,1.0,,1.0,,,1.0,1.0,1.0,,
1340,,,,,,,,,,
1341,,,,1.0,1.0,,,,,
1342,,1.0,,1.0,,,,,,
1343,,1.0,,,,1.0,,,,
1344,,1.0,,,,1.0,,,,
1345,,,,,,,,,,
1346,,1.0,,1.0,1.0,,,,,
1347,,,,,,,,,,
1348,,,,,1.0,,,,,
1349,,1.0,,1.0,1.0,,,,,1.0
1350,1.0,1.0,,,,,,,,
1351,,,,,,,,,,
1352,2.0,,,,1.0,1.0,1.0,,1.0,
1353,,,,,,1.0,,,,
1354,,,,,,1.0,,,,
1355,2.0,1.0,,1.0,1.0,2.0,1.0,1.0,1.0,
1356,,,,,,1.0,,,,
1357,2.0,1.0,1.0,1.0,1.0,2.0,2.0,1.0,,
1358,,,,,,,,,,
1359,,,,,,,,,,
1360,,,,,1.0,,,,,
1361,,,,,,,,,,
1362,,,,,,,,,,
1363,,,,,,,,,,
1364,,,,,1.0,,,,,
1365,,,,,,,,,,
1366,,,,,1.0,,,,,
1367,,,,,,,,,,
1368,,1.0,1.0,1.0,,1.0,,,,
1369,,,,,,,,,,
1370,,,,,,,,,,
1371,,,,,,,,,,
1372,,,,,,,,,,
1373,1.0,,,,,1.0,1.0,,,
1374,,,,,,1.0,,,,
1375,,,1.0,,,,,,,
1376,,,,,,,,,,
1377,,,,,,,,,,
1378,,,,,,,,,,
1379,,,,,,,,,,
1380,,,,,,,,,,
1381,,,,,,,,,,
1382,,,,,,,,,,
1383,,1.0,,1.0,1.0,,,,,
1384,,,,,,,,,,
1385,1.0,,,,1.0,1.0,1.0,,,
1386,,,,,,,,,,
1387,,,,,,,,,,
1388,,1.0,,,,,,,,
1389,,,,,,,,,,
1390,1.0,,,,1.0,,1.0,,,
1391,,,,,2.0,,,,1.0,
1392,,,,,,,,,,
1393,,,,,1.0,,,,,
1394,,,,,,,,,,
1395,,,,,,,,,,
1396,1.0,,,,,2.0,,,,
1397,,,,,,,,,,
1398,,,,,,,,,,
1399,,,,,,,,,,
1400,,,,,,,,,,
1401,,,,,2.0,,,,1.0,1.0
1402,1.0,1.0,,,1.0,,,,1.0,
1403,1.0,,,,1.0,,,,,
1404,2.0,1.0,,,,1.0,,,,
1405,,,,,,,,,,
1406,,,,,2.0,,,,1.0,
1407,1.0,1.0,1.0,1.0,,2.0,1.0,1.0,,
1408,,,,,,,,,,
1409,,,,,,,,,,
1410,,,,,,,,,,
1411,,,,,,,,,,
1412,1.0,,,,1.0,1.0,,,2.0,
1413,,,,,,,,,,
1414,,,,,,,,,,
1415,,,,,,,,,,
1416,1.0,,1.0,,,1.0,,,,
1417,1.0,,,,,,1.0,1.0,,
1418,1.0,,,,,,1.0,1.0,,
1419,1.0,,,,,,1.0,1.0,,
1420,1.0,,,,,,1.0,1.0,,
1421,,1.0,,,,,,,,
1422,2.0,,,,1.0,2.0,1.0,,,
1423,1.0,,1.0,,,1.0,,,,
1424,,,,,,,,,,
1425,1.0,,,,,,,,,
1426,1.0,2.0,1.0,1.0,,1.0,1.0,1.0,,
1427,1.0,,,,,,,,,
1428,1.0,,,,,,,,,
1429,1.0,,,,,,,,,
1430,1.0,,,,,,,,,
1431,1.0,,,,,,,,,
1432,,1.0,1.0,1.0,2.0,1.0,,,1.0,2.0
1433,1.0,,,,,,,,,
1434,1.0,,,,,,,,,
1435,2.0,,,,,2.0,2.0,,,
1436,2.0,,1.0,1.0,,2.0,1.0,1.0,,
1437,1.0,,,,,,,,,
1438,1.0,,,,,,,,,
1439,1.0,,,,,,,,,
1440,1.0,,,,,,,,,
1441,1.0,,,,,,,,,
1442,,,,,,,,,,
1443,,,,,,,,,,
1444,,,,,1.0,,,,,
1445,,,,,,,,,,
1446,1.0,,,,,,1.0,,,
1447,,,,,1.0,,,,1.0,
1448,,,,,1.0,,,,1.0,
1449,1.0,2.0,,,,1.0,,,1.0,
1450,,,,,1.0,,,,1.0,
1451,,2.0,,,2.0,1.0,,,2.0,1.0
1452,,,,,1.0,,,,,
1453,1.0,,,,1.0,1.0,,,,
1454,,,,,,,,,,
1455,,1.0,1.0,1.0,1.0,,,,1.0,1.0
1456,,,,,,,,,,
1457,,,,,,,,,,
1458,1.0,,,,1.0,,1.0,,,
1459,,,,,2.0,,,,1.0,
1460,,,,,,,,,,
1461,3.0,,,,,1.0,2.0,,,
1462,2.0,,1.0,,,1.0,,,,
1463,1.0,,,1.0,,,,1.0,1.0,
1464,1.0,,1.0,,,1.0,1.0,,,
1465,1.0,,1.0,,,1.0,1.0,,,
1466,,2.0,1.0,,1.0,,,,1.0,
1467,,,,,,,,,,
1468,,1.0,,1.0,1.0,,,,1.0,1.0
1469,1.0,,1.0,,,,,1.0,,
1470,,,,,,,,,,
1471,,,,,,,,,,
1472,1.0,,,,,1.0,,,,
1473,1.0,,1.0,,,,,1.0,,
1474,,1.0,,1.0,1.0,,,,,1.0
1475,,1.0,,1.0,1.0,,,,,1.0
1476,,,,,,,,,,
1477,,,,,,,,,,
1478,,,,,,,,,,
1479,1.0,,,,1.0,,,,,
1480,1.0,,,,1.0,,1.0,,,
1481,1.0,,,,1.0,,1.0,,,
1482,1.0,,,,1.0,,1.0,,,
1483,,,,,,,,,,
1484,,,,,1.0,,,,,
1485,,,,,,,,,,
1486,,,,,,,,,,
1487,1.0,,1.0,,,,,,,
1488,1.0,,1.0,,,,,,,
1489,1.0,,1.0,,,,,,,
1490,,,,1.0,1.0,,,,,
1491,,,1.0,,,,,,,
1492,1.0,,,,,1.0,,,,
1493,,,,,1.0,,,,1.0,
1494,,,,,1.0,,,,1.0,
1495,,,,,1.0,,,,1.0,
1496,,,,,,,,,,
1497,1.0,,,,,1.0,1.0,,2.0,
1498,,,,,,,,,,
1499,,1.0,,,2.0,,,,1.0,2.0
1500,,1.0,,,2.0,,,,1.0,2.0
1501,,1.0,,,2.0,,,,1.0,2.0
1502,,1.0,,,2.0,,,,1.0,2.0
1503,,,,,,,,,,
1504,,,,,,,,,,
1505,1.0,,,,,,,,,
1506,,,,,1.0,,,,,
1507,,,,,,,,,,
1508,,,,,,,,,,
1509,,,,,,,,,,
1510,,,,,,,,,,
1511,,,,,,,,,,
1512,2.0,,,,,,,1.0,,
1513,,,,,,,,,,
1514,,1.0,,,1.0,,,,,
1515,,,,,,,,,,
1516,1.0,,,,,1.0,1.0,,,
1517,,,,1.0,,1.0,1.0,,1.0,
1518,1.0,,,,,1.0,1.0,,,
1519,,,1.0,,,,,,,
1520,,,1.0,,,,,,,
1521,,,,,,,,,,
1522,,,,,,,,,,
1523,,,,,,,,,,
1524,,,,,,,,,,
1525,,,,,,,,,,
1526,,,,,,,,,,
1527,,,,,,,,,,
1528,1.0,,,,1.0,1.0,1.0,,,
1529,,,,,,,,,1.0,
1530,1.0,,1.0,,,,,,,
1531,,2.0,,1.0,1.0,,,,1.0,1.0
1532,1.0,,1.0,,,1.0,1.0,1.0,,
1533,,,,,,,,,,
1534,1.0,1.0,1.0,,,1.0,1.0,1.0,,
1535,1.0,,1.0,,1.0,,,,,
1536,1.0,,1.0,,1.0,,,,,
1537,,,,,,,,,,
1538,,,1.0,,,,,,,
1539,,,,,,,,,,
1540,,1.0,,,1.0,,,,1.0,1.0
1541,1.0,1.0,1.0,,1.0,,,,,
1542,1.0,1.0,1.0,,1.0,,,,,
1543,,,,,,,,,,
1544,2.0,,,,1.0,1.0,,,1.0,
1545,,,,,,,,,,
1546,,,,,,,,,,
1547,,,,,,,,,,
1548,,,,,,,,,,
1549,,,,,1.0,,,,,
1550,,,,,1.0,,,,,
1551,,,,,1.0,,,,,
1552,,,,,1.0,,,,,
1553,,,,,1.0,,,,,
1554,,,,,1.0,,,,,
1555,,,,,1.0,,,,,
1556,,,,,1.0,,,,,
1557,,,,,,,,,,
1558,,,,,,,,,,
1559,,1.0,,1.0,2.0,,,1.0,2.0,1.0
1560,,1.0,,1.0,2.0,,,1.0,2.0,1.0
1561,1.0,,,,,1.0,1.0,,,
1562,,,,,,,,,,
1563,,,,,,,,,,
1564,,,,,,,,,,
1565,,,,,,,,,,
1566,,,,,,,,,,
1567,,,,,,,,,,
1568,,,,1.0,,,,,,
1569,2.0,,1.0,,1.0,1.0,1.0,,1.0,
1570,2.0,,1.0,,1.0,1.0,1.0,,1.0,
1571,1.0,,,,1.0,,,,,
1572,1.0,,,,1.0,,,,,
1573,1.0,,,,1.0,,,,,
1574,1.0,,,,1.0,,,,,
1575,,,,,1.0,,,,,
1576,,,,,,,,,,
1577,1.0,1.0,,,,1.0,,,,
1578,,,,,2.0,,,,1.0,
1579,,,,,,,,,,
1580,,,,,,,,,,
1581,1.0,,,,,1.0,1.0,,,
1582,1.0,,,,,1.0,1.0,,,
1583,1.0,,,,,1.0,1.0,,,
1584,,,1.0,,1.0,,,,1.0,1.0
1585,1.0,,,,,,,1.0,1.0,
1586,1.0,,1.0,,,1.0,,,,
1587,1.0,,,,,1.0,1.0,,,
1588,,,,,,,,,,
1589,,,,,,,,,,
1590,,,,,,,1.0,,,
1591,,,,,,,,,,
1592,,,,,1.0,,,,,
1593,,,,,1.0,,,,,
1594,,,,,,,,,,
1595,1.0,1.0,,,1.0,,,,1.0,1.0
1596,1.0,1.0,,,1.0,,,,1.0,1.0
1597,1.0,1.0,,,1.0,,,,1.0,1.0
1598,,,,,,,,,,
1599,,,,,,,,,,
1600,,,,,,,,,,
1601,,,,,,,,,,
1602,,,,,,,,,,
1603,,,,,1.0,,,,,
1604,,,,,,,,,,
1605,,,,,,,,,,
1606,,,,,,,,,,
1607,,,,,,,,,,
1608,,,,,,,,,,
1609,,,,,,,,,,
1610,,,,,,,,,,
1611,,,,,,,,,,
1612,,,,,1.0,,,,,
1613,1.0,,,,1.0,,,,,
1614,,,,,,2.0,,,,
1615,1.0,,,,,,,,,
1616,,,,,,,,,,
1617,1.0,,,,,,,,1.0,
1618,1.0,1.0,1.0,,2.0,2.0,1.0,,3.0,1.0
1619,1.0,1.0,1.0,,2.0,2.0,1.0,,3.0,1.0
1620,3.0,2.0,,1.0,1.0,1.0,,,1.0,1.0
1621,,,1.0,,,,,,,
1622,,,,,,,,,1.0,
1623,1.0,,,,1.0,,,,,
1624,1.0,,,,1.0,,,,,
1625,1.0,,,,1.0,,,,,
1626,1.0,,,,,,,,,
1627,,,,,,1.0,,,,
1628,,,,,1.0,,,,,
1629,1.0,,,,,,,,,
1630,1.0,,,,,,,,,
1631,1.0,,,,,,,,,
1632,1.0,,,,,1.0,1.0,,1.0,
1633,2.0,3.0,1.0,1.0,,2.0,1.0,1.0,,
1634,,,,,1.0,,,,,
1635,,,,,,1.0,,,,
1636,,1.0,,1.0,1.0,,,,1.0,1.0
1637,,,,,,,,,,
1638,1.0,,1.0,1.0,,1.0,,,,
1639,1.0,,2.0,,1.0,,,,,
1640,,,,,,1.0,,,,
1641,2.0,1.0,,1.0,,2.0,1.0,,1.0,
1642,,,,,,1.0,,,,
1643,,,,,,,,,,
1644,,,,,1.0,,,,,
1645,1.0,1.0,,,,1.0,1.0,,1.0,
1646,1.0,,1.0,,,1.0,,,,
1647,1.0,1.0,1.0,1.0,,1.0,1.0,1.0,,
1648,1.0,,1.0,,1.0,,,,1.0,
1649,,,,,1.0,,,,,
1650,,,,,,,,,,
1651,2.0,,,,,,1.0,,,
1652,,1.0,,,1.0,,,,,
1653,,,,,,,,,,
1654,,,,,,,,,,
1655,,1.0,,,2.0,1.0,,,1.0,1.0
1656,,1.0,,,,,,,,
1657,1.0,1.0,,,,,,,,
1658,1.0,1.0,1.0,,2.0,,,,1.0,3.0
1659,,,,,1.0,,,,,
1660,,,,,,,,,,
1661,,,,,,,,,,
1662,,,,,,,,,,
1663,,,,,,,,,,
1664,,,,1.0,,,,,,
1665,1.0,,,,,,,,,
1666,1.0,,,,3.0,,,,,
1667,,1.0,,1.0,1.0,,,,1.0,1.0
1668,1.0,1.0,,,,1.0,1.0,,1.0,
1669,1.0,,1.0,,,1.0,1.0,,,
1670,1.0,,1.0,,,1.0,1.0,,,
1671,2.0,,1.0,,,1.0,1.0,,,
1672,1.0,,1.0,,,,,,,
1673,1.0,,1.0,1.0,1.0,1.0,,,,
1674,,2.0,,1.0,2.0,,,,1.0,1.0
1675,,1.0,,,,,,,,
1676,,,,,,,,,,
1677,,1.0,,1.0,1.0,,,,1.0,1.0
1678,,,,,1.0,,,,,
1679,,,,,,,,,,
1680,1.0,,,,,,,,,
1681,,1.0,,,2.0,,,,2.0,2.0
1682,1.0,,1.0,,1.0,1.0,1.0,,1.0,
1683,,,,,,,,,,
1684,,,,,,,,,,
1685,,,1.0,,,,,,,
1686,1.0,,1.0,,,,,,,
1687,,,,,1.0,,,,1.0,1.0
1688,,,,,1.0,,,,1.0,1.0
1689,,,,,,,,,,
1690,,,,,,,,,,
1691,,,,,,,,,,
1692,,,,,,,,,,
1693,,,,,,,,,,
1694,,,,,1.0,,,,,
1695,,,,,,,,,,
1696,,1.0,,1.0,,1.0,,,,
1697,1.0,1.0,,,,,,,,
1698,,,,,,,,,,
1699,,,,,,,,,,
1700,,,,,,,,,,
1701,1.0,,1.0,,,,,,,
1702,,,,,,,,,,
1703,,,,,1.0,,,,,
1704,,,,,,,,,,
1705,,,,,,,,,,
1706,,,,,,,,,,
1707,,,,,,,,,,
1708,1.0,1.0,1.0,1.0,,1.0,1.0,1.0,,
1709,,,,,,,,,,
1710,1.0,,,,,,,,,
1711,1.0,,,,,,,,,
1712,1.0,,,,,,,,,
1713,1.0,,1.0,,,,,,1.0,
